Marina Rei;Musica;141381703
Stive Morgan;Love Planet;133716286
unknown;Loving Every Minute;140003974
Rixton;Me And My Broken Heart;800840817
Henry Hall & His Gleneagles Hotel Band;Home;303236322
unknown;unknown;5582142
unknown;Riviera;725980112
Andrew Paul Woodworth;The Name of This Next Song Is Called;58149378
Pillar Point;Dove;95217315
Steve Campbell;Morning Dew;553634067
David Civera;Bye Bye;505671438
Lumipa Beats;Cludo;58255150
Henning Wehland;Räuber und Gendarm;1316855716
Пётр Каледин;Пойти и не вернуться. Глава 1;387570742
ChinKong;Live Life;2513188493
Albatraoz;General Zod;1163093654
Pugs Atomz;No Love;496795686
Zak Moore;Feel Good;30546883
Kendra Springer;Sonora;335222234
Nathalie Cardone;Hasta Siempre;363369738
Snowday;Patterns;86444842
Swords;I Didn't Understand;52135248
Montezuma's Revenge;My God Is a Bad Cop;1297026226
unknown;Lightspeed;200647221
Музыка для изучения;Инструментальная музыка;115364561
A-Life;Don't Hurt Me;78300654
Peter Holzmann;The Seasons Op. 37A  (August  The Harvest): VIII. Allegro vivace;899183384
Heathers;Forget Me Knots;61245289
IRISHA;You Lose;429829812
Tigerlily;KICK BOOM;127408954
Orinoco Haven;Don't Dream It's Over;22581161
unknown;La Tortura;52294266
unknown;It's So Easy!;843957510
Yngnfrsh;Future Baby Mama;999748277
Sen-dla & Lotus;Nochmal Von Vorn;618990393
Merwan Rim;Sofia;123122413
Watchout! Theres Ghosts;Never You;188933502
The Jeremy Spencer Band;Cool Breeze;1355959075
The Rubix Cube's;"Girls Just Want to Have Fun (From ""Bioshock Infinite"")";786181836
Luca Turilli's Rhapsody;Il Cigno Nero;176553476
Мария  Матвеева;Принцесса Укок;354495408
Lou Reed;Ride Into the Sun;2808096550
Emanuel Borok Cullan Bryant;Love's Sorrow;1109433169
Echoes The Fall;Eye Of The Tiger;1047101291
Psycho 44;All My Demons Have Distortion;65156199
Чёрный Кузнец;Дубль один;570515054
unknown;Born to Party;1085685420
Ming;Claim Earth;1647990401
Zcr;Разбегается на куски;2565529693
Limousine;A Drive;518745108
Дуэт «Алмас»;Люби меня люби;107753850
Ricardo Piedra;Shooting Stars;177740666
Лінія Маннергейма;Навчи;153372011
Hellogoodbye;Finding Something To Do;57876440
The Contemporary Noise Sextet;Bitches Tune;1813673666
The Rock Kid Heroes;Bawitdaba (Made Famous by Kid Rock);3703895074
Meditation Spa Society;From the End of Light;256483385
Red Nose Rudolph;Rudolph the Red Nose Reindeer;1214083358
Sweet Dreams Project (Dj Sergey Zevs and Kristina Dolce);Me Is Not Pain;1122571
Matt Sadler;The Biker Bar;812019557
Loon;Do What You Like (Featuring Trina);111947664
Domo Wilson;I Wanna Be Me;156338624
Blex;Promesa de Amor;720434240
Cypress Spring;Bootleg Style;357925728
Кооперативыништяк;Солнце похожее на тебя;674072710
Shirley Holmes;1 + 1 + 1;404562836
KHARO;Wrap Em;373199958
Koufequin;Vamos a la Música;14780425
PUNXXX;Не по пути;39578178
NeuRuTics;Северный олень;54266102
Ritmo Natural;Cumbia Cha Cha;2557975762
Kake Randelin;Rakkautta ja rahaa;2417419
Serious Black;I Seek No Other Life;2282771485
Ana Cañas;Eu Dou;1356565093
Jennifer Warnes;Up Where We Belong;1592909789
Delroy Edwards;Killer Charlie;635412045
Otherland;Wiggle - Jason Derulo;1230675890
Maurice Moore;Take Time;585695368
Aaliyah Palmen;Cold (Reprise Maroon 5 Future);43857627
Blinding Lights;"Zombie (From ""Pitch Perfect 3"")";600976848
Stephen Provost;Station One;39709092
unknown;Kaddish;39228929
Saltimbankya;Gipsy Queen;2665343922
Susanna Hoffs;Eternal Flame;223633238
Sds;Trinity;2887241814
Walter Kemp3oh!;Intuit;1440757818
Trst.;Throw Yo Body;165484133
D. Rogers;When It’s Done It’s Done;58054811
Tapani Kansa;Anna Mun Jäädä Sun Luo;157058870
Sofi Lapina;Gravity;4300555
Nino Nardini;La joie d'aimer;250305248
Витя CLassic x Kaip;Целлофанка;685032533
Ameritz - Tribtues;All I Want;38411956
Francis Lay;Un homme et une femme;144565150
Christian;Se te ne vai;127567540
Openfieldz;Spanish Lullaby;3055200
Acoustic Café;Je Te Veux;983637508
Circle of Song- Kate Marks and Friends;Shiva Dance;118482347
Ils;Feed The Addiction;882831184
Kevin Over;Djengis;286400165
We Are Action;At Least We're Still Alive;172825906
TaRuta;ШевченкА;1241559043
Gregg Kofi Brown;Lullaby to an Anxious Child;29562220
Ayla;Sessiz Gemi;77309611
Pranayama;Musica yoga;1605224506
110% Hits;110% Intro;1116995633
The Kovenant;Stillborn universe;838079900
Summer Love;Бейба;1163620694
ZOLOTO;В текиле;1093605526
O.S.T.R.;Prędkość;179659294
Nadine Bryant;Everybody's Looking For Something;39058561
Skaльпель;Телефон 02;36912123
Ivan Spell;Sunday 7AM;1205951614
OB;Butterflies;1791000570
Martin Stock;Song for Marilyn;201660859
Катя Разумовская;Кареглазый;248088961
Sin Ensayo;Toda la Noche;90839753
Christy Baron;The Shadow of Your Smile;607123776
Любовные истории;Возвращайся;55842345
unknown;Дзорис;211050784
Агенты Кремля;Доллары-рубли;342897938
Gotham City;Swords and Chains;2762
Young A.C.;Jewelz On (feat. Gorilla Zoe);330346424
ILoveMakonnen;Love;601863821
Солоинк Эпик;Мой бог;1953533826
General Ghost;Nightwalker;2322580122
Vivaz Danilo Secli & Santoro feat. Cesco & Puccia;Zimba;2355719893
XUITCASECITY;Famous;66902503
Joe Walsh;Life's Been Good;96273746
Luisa-Sophie;If You Should Ever Go (Castles Turn to Sand);430977451
unknown;Act 2: La belle un mot;284819874
Axis;Over You;721975598
Psychic Ills;East;1217120710
Violinbwoy;Jah Horns Dub;109276132
Razika;Første gangen om igjen;276259178
Superheaven;Downswing;54225632
The Soup Dragons;I'm Free;2559529074
cheezystack;Lil Nigga;681583126
Night Dreamers;D.i.s.c.o.;2594040133
Le French;Einfach;81102253
Jeff Golub;Slinky;11956641
Shane Dawson;I Am Everything;1687664027
Gym Class Heroes;Live A Little;11599388
Il Bambino di Napoli;L'Italiano;611700552
Max Him;Japanese Girl;3712500
Zonder;hisatsinom;1089402494
unknown;Будем танцевать;411747614
unknown;Песенка музыкальных охотников;255932395
Alison Vardy;Streets Of London / Pachelbel's Canon;31873544
Golden Blue;Brian;95053634
Wormrot;Blockhead Fuck Off;1279434863
Dr Fresch;151;233801632
16yrold;Up Next;1481349984
Softcore Express;La Cumparsita;142095275
unknown;Рисунками;618885532
LETAY;Better Not to See You;2011464183
Chill Out Music 2017;Hideaway [Kiesza Cover];1167330737
Tomorrowland;Sunbeam;929964809
Michael Ganian;I Am in Heaven;2745357
Сергей Дружко;Ты у меня одна;657723613
Musica para Meditar;The Dawn Chorus Of Binaural Beats;2713922350
Sechem;Era of Martyrs;621660989
OD Odyssey;Candy;1591223784
Joe Maize;So Glad;950906471
The Fire Men;Hole in My Head;1410088830
Luka Sol;Unknown;1235005533
Thepour;Castle;1661187319
Cantrell;Keep Yappin;1374581173
Aeone;Umbra Nihili;94186466
unknown;Freak Distrikt;1788326445
unknown;White Panda;1840364617
Jacintha;Shadow of Your Smile;143573775
unknown;Капля теплоты;684675814
Rolf Zielke;In the Chains of Fate;1113838873
Chaigo;Had Some Drinks;1267333350
Signs;Paper Bag;726307468
Simona;Sei nell'anima;3562543890
Boundless;Carol of the Bells (Dubstep);1131090940
Dcmc;Долго-долго;307370144
Johnny Nightmare;The Gun in My Hand;1271293243
unknown;Быть счастливым;265882712
Jun Takahira;Kokoro No Chizu;841749534
Giorgi Latso & Anna Fedorova-Latso;Sonata for Piano Four-Hands in C Major K. 521: I. Allegro;47956378
Дмитрий Дан;Люди не ангелы;806397070
Елена Коханова;Вальс-шутка;2132335812
Christina Petrowska Quilico;Gondola I: Gondola I;621276
Diamond Rio;I Believe;2135158446
Дата Карчава;Птичка невеличка;367316268
Mike Teezy;Still Have Hope (feat. Dre Murray);350381515
Human Tetris;Warm Memory;1264310836
Lorne;Oil and Water;30343206
Maxine Sullivan;How Do I Know It's Real;405136812
Rave Allstars;Raving With The Best;540654286
Universe Infinity;Catch of My Life;2370303
